{"cameraMode":{"drawMode":0,"name":"Shaded","section":"Shading Mode"},"sceneLighting":true,"audioPlay":false,"sceneViewState":{"m_AlwaysRefresh":false,"showFog":true,"showSkybox":true,"showFlares":true,"showImageEffects":true,"showParticleSystems":true,"showVisualEffectGraphs":true,"m_FxEnabled":true},"in2DMode":false,"pivot":{"x":29.596464157104493,"y":0.9566268920898438,"z":21.919157028198243},"rotation":{"x":0.24509108066558839,"y":0.5060677528381348,"z":-0.15251556038856507,"w":0.8129082918167114},"size":21.72296714782715,"orthographic":false}